locus	feature	screen	n	N	percent
HML-2_12q13.2	gag	intact	0	185	0.0
HML-2_12q14.1	gag	intact	203	203	100.0
HML-2_19p12b	gag	intact	0	65	0.0
HML-2_19p12d	gag	intact	0	1	0.0
HML-2_19q12	gag	intact	273	273	100.0
HML-2_1q22	gag	intact	0	162	0.0
HML-2_22q11.21	gag	intact	276	277	99.6
HML-2_3q12.3	gag	intact	280	280	100.0
HML-2_3q13.2	gag	intact	0	257	0.0
HML-2_5q33.3	gag	intact	276	276	100.0
HML-2_6q14.1	gag	intact	270	270	100.0
HML-2_7p22.1	gag	intact	0	259	0.0
HML-2_Xq21.33	gag	intact	0	6	0.0
HML-2_12q13.2	gag	combined	0	185	0.0
HML-2_12q14.1	gag	combined	203	203	100.0
HML-2_19p12b	gag	combined	0	65	0.0
HML-2_19p12d	gag	combined	0	1	0.0
HML-2_19q12	gag	combined	273	273	100.0
HML-2_1q22	gag	combined	0	162	0.0
HML-2_22q11.21	gag	combined	276	277	99.6
HML-2_3q12.3	gag	combined	280	280	100.0
HML-2_3q13.2	gag	combined	277	277	100.0
HML-2_5q33.3	gag	combined	276	276	100.0
HML-2_6q14.1	gag	combined	270	270	100.0
HML-2_7p22.1	gag	combined	0	259	0.0
HML-2_Xq21.33	gag	combined	0	6	0.0
HML-2_12q13.2	gag_pro	intact	0	139	0.0
HML-2_12q14.1	gag_pro	intact	203	203	100.0
HML-2_19p12b	gag_pro	intact	0	65	0.0
HML-2_1q22	gag_pro	intact	0	162	0.0
HML-2_22q11.21	gag_pro	intact	0	179	0.0
HML-2_5q33.3	gag_pro	intact	276	276	100.0
HML-2_6q14.1	gag_pro	intact	266	266	100.0
HML-2_7p22.1	gag_pro	intact	0	259	0.0
HML-2_Xq21.33	gag_pro	intact	0	6	0.0
HML-2_12q13.2	gag_pro	combined	0	139	0.0
HML-2_12q14.1	gag_pro	combined	203	203	100.0
HML-2_19p12b	gag_pro	combined	0	65	0.0
HML-2_1q22	gag_pro	combined	0	162	0.0
HML-2_22q11.21	gag_pro	combined	0	180	0.0
HML-2_5q33.3	gag_pro	combined	276	276	100.0
HML-2_6q14.1	gag_pro	combined	266	266	100.0
HML-2_7p22.1	gag_pro	combined	0	259	0.0
HML-2_Xq21.33	gag_pro	combined	0	6	0.0
HML-2_19p12b	gag_pro_pol	intact	0	32	0.0
HML-2_7p22.1	gag_pro_pol	intact	0	256	0.0
HML-2_Xq21.33	gag_pro_pol	intact	0	6	0.0
HML-2_19p12b	gag_pro_pol	combined	0	32	0.0
HML-2_1q22	gag_pro_pol	combined	0	9	0.0
HML-2_5q33.3	gag_pro_pol	combined	266	266	100.0
HML-2_7p22.1	gag_pro_pol	combined	0	256	0.0
HML-2_Xq21.33	gag_pro_pol	combined	0	6	0.0
HML-2_12q13.2	env	intact	0	184	0.0
HML-2_12q14.1	env	intact	155	155	100.0
HML-2_19p12b	env	intact	0	64	0.0
HML-2_19p12c	env	intact	0	25	0.0
HML-2_19q12	env	intact	282	282	100.0
HML-2_1p31.1b	env	intact	0	9	0.0
HML-2_1q22	env	intact	282	282	100.0
HML-2_22q11.21	env	intact	279	279	100.0
HML-2_5p13.3	env	intact	0	32	0.0
HML-2_6q14.1	env	intact	270	270	100.0
HML-2_7p22.1	env	intact	282	282	100.0
HML-2_8p23.1a_hg38	env	intact	33	33	100.0
HML-2_8q11.23_new	env	intact	0	1	0.0
HML-2_Xq21.33	env	intact	0	6	0.0
HML-2_12q13.2	env	combined	0	184	0.0
HML-2_12q14.1	env	combined	195	195	100.0
HML-2_19p12b	env	combined	0	64	0.0
HML-2_19p12c	env	combined	0	25	0.0
HML-2_19q12	env	combined	282	282	100.0
HML-2_1p31.1b	env	combined	0	9	0.0
HML-2_1q22	env	combined	282	282	100.0
HML-2_22q11.21	env	combined	279	279	100.0
HML-2_5p13.3	env	combined	0	32	0.0
HML-2_6q14.1	env	combined	270	270	100.0
HML-2_7p22.1	env	combined	282	282	100.0
HML-2_8p23.1a_hg38	env	combined	33	33	100.0
HML-2_8q11.23_new	env	combined	0	1	0.0
HML-2_Xq21.33	env	combined	0	6	0.0
HML-2_12q14.1	type2_env	intact	155	155	100.0
HML-2_19p12b	type2_env	intact	0	64	0.0
HML-2_19q12	type2_env	intact	282	282	100.0
HML-2_5p13.3	type2_env	intact	0	32	0.0
HML-2_6q14.1	type2_env	intact	270	270	100.0
HML-2_7p22.1	type2_env	intact	282	282	100.0
HML-2_8p23.1a_hg38	type2_env	intact	33	33	100.0
HML-2_Xq21.33	type2_env	intact	0	6	0.0
HML-2_12q14.1	type2_env	combined	195	195	100.0
HML-2_19p12b	type2_env	combined	0	64	0.0
HML-2_19q12	type2_env	combined	282	282	100.0
HML-2_5p13.3	type2_env	combined	0	32	0.0
HML-2_6q14.1	type2_env	combined	270	270	100.0
HML-2_7p22.1	type2_env	combined	282	282	100.0
HML-2_8p23.1a_hg38	type2_env	combined	33	33	100.0
HML-2_Xq21.33	type2_env	combined	0	6	0.0
HML-2_12q13.2	type1_env	intact	0	184	0.0
HML-2_19p12c	type1_env	intact	0	25	0.0
HML-2_1p31.1b	type1_env	intact	0	9	0.0
HML-2_1q22	type1_env	intact	282	282	100.0
HML-2_22q11.21	type1_env	intact	279	279	100.0
HML-2_8q11.23_new	type1_env	intact	0	1	0.0
HML-2_12q13.2	type1_env	combined	0	184	0.0
HML-2_19p12c	type1_env	combined	0	25	0.0
HML-2_1p31.1b	type1_env	combined	0	9	0.0
HML-2_1q22	type1_env	combined	282	282	100.0
HML-2_22q11.21	type1_env	combined	279	279	100.0
HML-2_8q11.23_new	type1_env	combined	0	1	0.0
HML-2_10p14	provirus	structural	281	282	99.6
HML-2_10q24.2	provirus	structural	0	281	0.0
HML-2_11p15.4	provirus	structural	281	281	100.0
HML-2_11q12.3	provirus	structural	219	219	100.0
HML-2_11q22.1	provirus	structural	157	157	100.0
HML-2_11q23.3	provirus	structural	282	282	100.0
HML-2_12p11.21	provirus	structural	282	282	100.0
HML-2_12q13.2	provirus	structural	185	185	100.0
HML-2_12q14.1	provirus	structural	203	203	100.0
HML-2_12q24.33	provirus	structural	0	13	0.0
HML-2_19p12a	provirus	structural	282	282	100.0
HML-2_19p12b	provirus	structural	65	65	100.0
HML-2_19p12c	provirus	structural	190	190	100.0
HML-2_19p12d	provirus	structural	1	1	100.0
HML-2_19q12	provirus	structural	282	282	100.0
HML-2_19q13.12b	provirus	structural	281	281	100.0
HML-2_1p31.1b	provirus	structural	0	9	0.0
HML-2_1p36.21a	provirus	structural	0	1	0.0
HML-2_1p36.21b	provirus	structural	282	282	100.0
HML-2_1p36.21c	provirus	structural	280	282	99.3
HML-2_1q22	provirus	structural	282	282	100.0
HML-2_1q23.3	provirus	structural	282	282	100.0
HML-2_21q21.1	provirus	structural	282	282	100.0
HML-2_22q11.21	provirus	structural	279	279	100.0
HML-2_22q11.23	provirus	structural	280	280	100.0
HML-2_3p12.3	provirus	structural	282	282	100.0
HML-2_3q12.3	provirus	structural	281	281	100.0
HML-2_3q13.2	provirus	structural	277	277	100.0
HML-2_3q21.2	provirus	structural	282	282	100.0
HML-2_3q27.2	provirus	structural	281	281	100.0
HML-2_4p16.1a	provirus	structural	279	279	100.0
HML-2_4p16.1b	provirus	structural	282	282	100.0
HML-2_4p16.3c	provirus	structural	282	282	100.0
HML-2_5p12	provirus	structural	282	282	100.0
HML-2_5p13.3	provirus	structural	282	282	100.0
HML-2_5q33.2	provirus	structural	176	282	62.4
HML-2_5q33.3	provirus	structural	281	281	100.0
HML-2_6p21.1	provirus	structural	282	282	100.0
HML-2_6p22.1	provirus	structural	282	282	100.0
HML-2_6q14.1	provirus	structural	273	273	100.0
HML-2_7p22.1	provirus	structural	282	282	100.0
HML-2_8p23.1a_hg38	provirus	structural	37	37	100.0
HML-2_8p23.1b	provirus	structural	191	191	100.0
HML-2_8p23.1c	provirus	structural	175	175	100.0
HML-2_8p23.1e	provirus	structural	209	209	100.0
HML-2_8q11.23_new	provirus	structural	0	1	0.0
HML-2_9q34.3	provirus	structural	211	211	100.0
HML-2_Xq21.33	provirus	structural	6	6	100.0
HML-2_11q22.1	multi_copy	structural	0	3	0.0
HML-2_11q23.3	multi_copy	structural	0	1	0.0
HML-2_12q13.2	multi_copy	structural	0	1	0.0
HML-2_12q14.1	multi_copy	structural	0	1	0.0
HML-2_12q24.33	multi_copy	structural	0	13	0.0
HML-2_1p31.1b	multi_copy	structural	0	9	0.0
HML-2_3q13.2	multi_copy	structural	0	3	0.0
HML-2_3q27.2	multi_copy	structural	0	2	0.0
HML-2_5q33.3	multi_copy	structural	0	4	0.0
HML-2_6q14.1	multi_copy	structural	0	4	0.0
HML-2_7p22.1	multi_copy	structural	0	184	0.0
HML-2_10p14	solo_ltr	structural	1	1	100.0
HML-2_11q22.1	solo_ltr	structural	0	203	0.0
HML-2_11q23.3	solo_ltr	structural	8	9	88.9
HML-2_12q13.2	solo_ltr	structural	0	102	0.0
HML-2_12q14.1	solo_ltr	structural	0	216	0.0
HML-2_12q24.33	solo_ltr	structural	0	17	0.0
HML-2_15q25.2	solo_ltr	structural	0	223	0.0
HML-2_19p12d	solo_ltr	structural	0	282	0.0
HML-2_19p12e	solo_ltr	structural	2	2	100.0
HML-2_19p13.3	solo_ltr	structural	0	8	0.0
HML-2_1p31.1b	solo_ltr	structural	0	263	0.0
HML-2_1p36.21a	solo_ltr	structural	0	4	0.0
HML-2_1q22	solo_ltr	structural	0	3	0.0
HML-2_21q21.1	solo_ltr	structural	0	1	0.0
HML-2_22q11.21	solo_ltr	structural	0	21	0.0
HML-2_3q12.3	solo_ltr	structural	2	4	50.0
HML-2_3q13.2	solo_ltr	structural	0	49	0.0
HML-2_3q27.2	solo_ltr	structural	0	17	0.0
HML-2_5p13.3	solo_ltr	structural	8	8	100.0
HML-2_5q11.2	solo_ltr	structural	152	282	53.9
HML-2_5q33.3	solo_ltr	structural	0	26	0.0
HML-2_6q14.1	solo_ltr	structural	0	81	0.0
HML-2_6q25.1	solo_ltr	structural	0	1	0.0
HML-2_7p22.1	solo_ltr	structural	0	2	0.0
HML-2_7q11.21	solo_ltr	structural	0	1	0.0
HML-2_8q11.23_new	solo_ltr	structural	282	282	100.0
HML-2_Xq11.1	solo_ltr	structural	0	60	0.0
