candidate_key	ID_Full	sample	locus	region	authority_class	measurement_source	raw_body_median	raw_local_flank_median	sample_global_diploid_target_flank_baseline	assembly_artifact_probability	later_duplication_probability	authenticated_segdup_probability	dominant_state	source_hard_call	manuscript_analysis_decision	decision_scope
HG00126|HML-2_15p13a|region1	HG00126_hap1_hprc_r2_v1.0.1_HML-2_15p13a_alt1	HG00126	HML-2_15p13a	1	AUTHENTICATED_SEGMENTAL_DUPLICATION_FIXED	AUTHENTICATED_STRUCTURAL_SEGDUP_AUTHORITY	0.0	0.0	43.0	0.0	0.0	1.0	authenticated_segdup	False	RETAIN_EXACT_ASSEMBLY_RECORD	Exact ID_Full only; never a locus-wide exclusion
HG00126|HML-2_15p13a|region2	HG00126_hap1_hprc_r2_v1.0.1_HML-2_15p13a_alt2	HG00126	HML-2_15p13a	2	AUTHENTICATED_SEGMENTAL_DUPLICATION_FIXED	AUTHENTICATED_STRUCTURAL_SEGDUP_AUTHORITY	0.0	0.0	43.0	0.0	0.0	1.0	authenticated_segdup	False	RETAIN_EXACT_ASSEMBLY_RECORD	Exact ID_Full only; never a locus-wide exclusion
HG00126|HML-2_15p13a|region3	HG00126_hap1_hprc_r2_v1.0.1_HML-2_15p13a_alt3	HG00126	HML-2_15p13a	3	AUTHENTICATED_SEGMENTAL_DUPLICATION_FIXED	AUTHENTICATED_STRUCTURAL_SEGDUP_AUTHORITY	0.0	0.0	43.0	0.0	0.0	1.0	authenticated_segdup	False	RETAIN_EXACT_ASSEMBLY_RECORD	Exact ID_Full only; never a locus-wide exclusion
HG00133|HML-2_22p13|region1	HG00133_hap1_hprc_r2_v1.0.1_HML-2_22p13_alt2	HG00133	HML-2_22p13	1	AUTHENTICATED_SEGMENTAL_DUPLICATION_FIXED	AUTHENTICATED_STRUCTURAL_SEGDUP_AUTHORITY	3.0	4.0	39.0	0.0	0.0	1.0	authenticated_segdup	False	RETAIN_EXACT_ASSEMBLY_RECORD	Exact ID_Full only; never a locus-wide exclusion
HG00133|HML-2_22p13|region4	HG00133_hap2_hprc_r2_v1.0.1_HML-2_22p13_alt1	HG00133	HML-2_22p13	4	AUTHENTICATED_SEGMENTAL_DUPLICATION_FIXED	AUTHENTICATED_STRUCTURAL_SEGDUP_AUTHORITY	13.0	13.0	39.0	0.0	0.0	1.0	authenticated_segdup	False	RETAIN_EXACT_ASSEMBLY_RECORD	Exact ID_Full only; never a locus-wide exclusion
HG00140|HML-2_14q32.33|region1	HG00140_hap2_hprc_r2_v1.0.1_HML-2_14q32.33_alt1	HG00140	HML-2_14q32.33	1	NON_SEGDUP_DUPLICATION_LATENT_CNV_WEIGHTED	RETAINED_AUTHORITY_LOCAL_FLANK_DEPTH	14.0	13.0	40.5	0.9985711405171188	0.0014288594828811797	0.0	assembly_artifact	False	EXCLUDE_EXACT_ASSEMBLY_RECORD	Exact ID_Full only; never a locus-wide exclusion
HG00140|HML-2_14q32.33|region2	HG00140_hap2_hprc_r2_v1.0.1_HML-2_14q32.33_alt2	HG00140	HML-2_14q32.33	2	NON_SEGDUP_DUPLICATION_LATENT_CNV_WEIGHTED	RETAINED_AUTHORITY_LOCAL_FLANK_DEPTH	6.0	5.0	40.5	0.9999989601435695	1.039856430486635e-06	0.0	assembly_artifact	False	EXCLUDE_EXACT_ASSEMBLY_RECORD	Exact ID_Full only; never a locus-wide exclusion
HG00253|HML-2_4p16.3a|region2	HG00253_hap1_hprc_r2_v1.0.1_HML-2_4p16.3a_alt2	HG00253	HML-2_4p16.3a	2	NON_SEGDUP_DUPLICATION_LATENT_CNV_WEIGHTED	RETAINED_AUTHORITY_LOCAL_FLANK_DEPTH	19.0	14.0	36.0	0.9831295136521839	0.016870486347816037	0.0	assembly_artifact	False	EXCLUDE_EXACT_ASSEMBLY_RECORD	Exact ID_Full only; never a locus-wide exclusion
HG00253|HML-2_4q35.2_hg38|region1	HG00253_hap1_hprc_r2_v1.0.1_HML-2_4q35.2_hg38_alt2	HG00253	HML-2_4q35.2_hg38	1	NON_SEGDUP_DUPLICATION_LATENT_CNV_WEIGHTED	RETAINED_AUTHORITY_LOCAL_FLANK_DEPTH	0.0	0.0	36.0	0.9999999886413712	1.1358628748354191e-08	0.0	assembly_artifact	False	EXCLUDE_EXACT_ASSEMBLY_RECORD	Exact ID_Full only; never a locus-wide exclusion
HG00253|HML-2_4q35.2_hg38|region2	HG00253_hap1_hprc_r2_v1.0.1_HML-2_4q35.2_hg38_alt1	HG00253	HML-2_4q35.2_hg38	2	NON_SEGDUP_DUPLICATION_LATENT_CNV_WEIGHTED	RETAINED_AUTHORITY_LOCAL_FLANK_DEPTH	19.0	14.0	36.0	0.9831295136521839	0.016870486347816037	0.0	assembly_artifact	False	EXCLUDE_EXACT_ASSEMBLY_RECORD	Exact ID_Full only; never a locus-wide exclusion
HG00280|HML-2_15p13b|region1	HG00280_hap1_hprc_r2_v1.0.1_HML-2_15p13b_alt3	HG00280	HML-2_15p13b	1	NON_SEGDUP_DUPLICATION_LATENT_CNV_WEIGHTED	RETAINED_AUTHORITY_LOCAL_FLANK_DEPTH	0.0	0.0	39.5	0.9999999886413712	1.1358628748354191e-08	0.0	assembly_artifact	False	EXCLUDE_EXACT_ASSEMBLY_RECORD	Exact ID_Full only; never a locus-wide exclusion
HG00280|HML-2_15p13b|region2	HG00280_hap1_hprc_r2_v1.0.1_HML-2_15p13b_alt1	HG00280	HML-2_15p13b	2	NON_SEGDUP_DUPLICATION_LATENT_CNV_WEIGHTED	RETAINED_AUTHORITY_LOCAL_FLANK_DEPTH	0.0	0.0	39.5	0.9999999886413712	1.1358628748354191e-08	0.0	assembly_artifact	False	EXCLUDE_EXACT_ASSEMBLY_RECORD	Exact ID_Full only; never a locus-wide exclusion
HG00280|HML-2_15p13b|region3	HG00280_hap1_hprc_r2_v1.0.1_HML-2_15p13b_alt2	HG00280	HML-2_15p13b	3	NON_SEGDUP_DUPLICATION_LATENT_CNV_WEIGHTED	RETAINED_AUTHORITY_LOCAL_FLANK_DEPTH	0.0	0.0	39.5	0.9999999886413712	1.1358628748354191e-08	0.0	assembly_artifact	False	EXCLUDE_EXACT_ASSEMBLY_RECORD	Exact ID_Full only; never a locus-wide exclusion
HG00280|HML-2_21p13|region5	HG00280_hap1_hprc_r2_v1.0.1_HML-2_21p13_alt3_DEGRADED_KCON_4582	HG00280	HML-2_21p13	5	NON_SEGDUP_DUPLICATION_LATENT_CNV_WEIGHTED	AUTHENTICATED_NUMERIC_OVERRIDE	22.0	23.0	39.5	0.04696325736390133	0.9530367426360987	0.0	later_duplication	False	RETAIN_EXACT_ASSEMBLY_RECORD	Exact ID_Full only; never a locus-wide exclusion
HG00280|HML-2_Yq11.23a|region1	HG00280_hap1_hprc_r2_v1.0.1_HML-2_Yq11.23a_alt1	HG00280	HML-2_Yq11.23a	1	NON_SEGDUP_DUPLICATION_LATENT_CNV_WEIGHTED	RETAINED_AUTHORITY_LOCAL_FLANK_DEPTH	0.0	0.0	39.5	0.9999999886413712	1.1358628748354191e-08	0.0	assembly_artifact	False	EXCLUDE_EXACT_ASSEMBLY_RECORD	Exact ID_Full only; never a locus-wide exclusion
HG00280|HML-2_Yq11.23a|region2	HG00280_hap1_hprc_r2_v1.0.1_HML-2_Yq11.23a_alt2	HG00280	HML-2_Yq11.23a	2	NON_SEGDUP_DUPLICATION_LATENT_CNV_WEIGHTED	RETAINED_AUTHORITY_LOCAL_FLANK_DEPTH	0.0	0.0	39.5	0.9999999886413712	1.1358628748354191e-08	0.0	assembly_artifact	False	EXCLUDE_EXACT_ASSEMBLY_RECORD	Exact ID_Full only; never a locus-wide exclusion
HG00321|HML-2_22p13|region3	HG00321_hap2_hprc_r2_v1.0.1_HML-2_22p13_alt4	HG00321	HML-2_22p13	3	AUTHENTICATED_SEGMENTAL_DUPLICATION_FIXED	AUTHENTICATED_STRUCTURAL_SEGDUP_AUTHORITY	13.0	11.0	36.5	0.0	0.0	1.0	authenticated_segdup	False	RETAIN_EXACT_ASSEMBLY_RECORD	Exact ID_Full only; never a locus-wide exclusion
HG00423|HML-2_1q22|region2	HG00423_pat_hprc_r2_v1.0.1_HML-2_1q22_alt2	HG00423	HML-2_1q22	2	NON_SEGDUP_DUPLICATION_LATENT_CNV_WEIGHTED	RETAINED_AUTHORITY_LOCAL_FLANK_DEPTH	6.0	1.0	41.0	0.9999999722750369	2.772496301734011e-08	0.0	assembly_artifact	False	EXCLUDE_EXACT_ASSEMBLY_RECORD	Exact ID_Full only; never a locus-wide exclusion
HG00597|HML-2_14q32.33|region2	HG00597_mat_hprc_r2_v1.0.1_HML-2_14q32.33_alt2	HG00597	HML-2_14q32.33	2	NON_SEGDUP_DUPLICATION_LATENT_CNV_WEIGHTED	AUTHORITY_BOUND_TRANSFERRED_PER_BASE_DEPTH	8.0	13.0	47.0	0.9997180776234648	0.00028192237653528395	0.0	assembly_artifact	False	EXCLUDE_EXACT_ASSEMBLY_RECORD	Exact ID_Full only; never a locus-wide exclusion
HG00609|HML-2_19q12|region2	HG00609_mat_hprc_r2_v1.0.1_HML-2_19q12_alt2	HG00609	HML-2_19q12	2	NON_SEGDUP_DUPLICATION_LATENT_CNV_WEIGHTED	RETAINED_AUTHORITY_LOCAL_FLANK_DEPTH	12.0	7.0	33.0	0.9999733447887127	2.66552112872403e-05	0.0	assembly_artifact	False	EXCLUDE_EXACT_ASSEMBLY_RECORD	Exact ID_Full only; never a locus-wide exclusion
HG01255|HML-2_14q32.33|region2	HG01255_mat_hprc_r2_v1.0.1_HML-2_14q32.33_alt2	HG01255	HML-2_14q32.33	2	NON_SEGDUP_DUPLICATION_LATENT_CNV_WEIGHTED	RETAINED_AUTHORITY_LOCAL_FLANK_DEPTH	10.0	9.0	62.0	0.9999976993889839	2.300611016282148e-06	0.0	assembly_artifact	False	EXCLUDE_EXACT_ASSEMBLY_RECORD	Exact ID_Full only; never a locus-wide exclusion
HG01784|HML-2_14q32.33|region1	HG01784_hap2_hprc_r2_v1.0.1_HML-2_14q32.33_alt1	HG01784	HML-2_14q32.33	1	NON_SEGDUP_DUPLICATION_LATENT_CNV_WEIGHTED	RETAINED_AUTHORITY_LOCAL_FLANK_DEPTH	5.0	4.0	26.0	0.9999968388897591	3.1611102410268737e-06	0.0	assembly_artifact	False	EXCLUDE_EXACT_ASSEMBLY_RECORD	Exact ID_Full only; never a locus-wide exclusion
HG01784|HML-2_14q32.33|region3	HG01784_hap2_hprc_r2_v1.0.1_HML-2_14q32.33_alt3	HG01784	HML-2_14q32.33	3	NON_SEGDUP_DUPLICATION_LATENT_CNV_WEIGHTED	RETAINED_AUTHORITY_LOCAL_FLANK_DEPTH	23.0	4.0	26.0	0.9999968388897591	3.1611102410268737e-06	0.0	assembly_artifact	False	EXCLUDE_EXACT_ASSEMBLY_RECORD	Exact ID_Full only; never a locus-wide exclusion
HG02015|HML-2_Yq11.23a|region1	HG02015_pat_hprc_r2_v1.0.1_HML-2_Yq11.23a_alt2	HG02015	HML-2_Yq11.23a	1	NON_SEGDUP_DUPLICATION_LATENT_CNV_WEIGHTED	RETAINED_AUTHORITY_LOCAL_FLANK_DEPTH	3.0	3.0	27.5	0.9999993852350755	6.147649245286745e-07	0.0	assembly_artifact	False	EXCLUDE_EXACT_ASSEMBLY_RECORD	Exact ID_Full only; never a locus-wide exclusion
HG02074|HML-2_14q32.33|region2	HG02074_pat_hprc_r2_v1.0.1_HML-2_14q32.33_alt2	HG02074	HML-2_14q32.33	2	NON_SEGDUP_DUPLICATION_LATENT_CNV_WEIGHTED	AUTHORITY_BOUND_TRANSFERRED_PER_BASE_DEPTH	1.0	0.0	38.0	0.9999999886413712	1.1358628748354191e-08	0.0	assembly_artifact	False	EXCLUDE_EXACT_ASSEMBLY_RECORD	Exact ID_Full only; never a locus-wide exclusion
HG02165|HML-2_4p16.3a|region2	HG02165_hap2_hprc_r2_v1.0.1_HML-2_4p16.3a_alt2	HG02165	HML-2_4p16.3a	2	NON_SEGDUP_DUPLICATION_LATENT_CNV_WEIGHTED	RETAINED_AUTHORITY_LOCAL_FLANK_DEPTH	14.0	12.0	32.5	0.9917101453252473	0.008289854674752645	0.0	assembly_artifact	False	EXCLUDE_EXACT_ASSEMBLY_RECORD	Exact ID_Full only; never a locus-wide exclusion
HG02273|HML-2_14q32.33|region2	HG02273_hap2_hprc_r2_v1.0.1_HML-2_14q32.33_alt2	HG02273	HML-2_14q32.33	2	NON_SEGDUP_DUPLICATION_LATENT_CNV_WEIGHTED	RETAINED_AUTHORITY_LOCAL_FLANK_DEPTH	8.0	6.0	22.5	0.9998039349130416	0.00019606508695824674	0.0	assembly_artifact	False	EXCLUDE_EXACT_ASSEMBLY_RECORD	Exact ID_Full only; never a locus-wide exclusion
HG02523|HML-2_14q32.33|region1	HG02523_mat_hprc_r2_v1.0.1_HML-2_14q32.33_alt1	HG02523	HML-2_14q32.33	1	NON_SEGDUP_DUPLICATION_LATENT_CNV_WEIGHTED	AUTHORITY_BOUND_EXACT_SIDE_DEPTH	4.0	5.0	48.0	0.9999994865878732	5.134121267290163e-07	0.0	assembly_artifact	False	EXCLUDE_EXACT_ASSEMBLY_RECORD	Exact ID_Full only; never a locus-wide exclusion
HG02818|HML-2_14q32.33|region2	HG02818_pat_hprc_r2_v1.0.1_HML-2_14q32.33_alt2	HG02818	HML-2_14q32.33	2	NON_SEGDUP_DUPLICATION_LATENT_CNV_WEIGHTED	RETAINED_AUTHORITY_LOCAL_FLANK_DEPTH	2.0	12.0	46.0	0.9998413995641228	0.00015860043587724077	0.0	assembly_artifact	False	EXCLUDE_EXACT_ASSEMBLY_RECORD	Exact ID_Full only; never a locus-wide exclusion
HG02965|HML-2_14q32.33|region2	HG02965_hap2_hprc_r2_v1.0.1_HML-2_14q32.33_alt1	HG02965	HML-2_14q32.33	2	NON_SEGDUP_DUPLICATION_LATENT_CNV_WEIGHTED	RETAINED_AUTHORITY_LOCAL_FLANK_DEPTH	14.0	9.0	26.5	0.9971784924699552	0.002821507530045	0.0	assembly_artifact	False	EXCLUDE_EXACT_ASSEMBLY_RECORD	Exact ID_Full only; never a locus-wide exclusion
HG03521|HML-2_14q32.33|region2	HG03521_hap1_hprc_r2_v1.0.1_HML-2_14q32.33_alt2	HG03521	HML-2_14q32.33	2	NON_SEGDUP_DUPLICATION_LATENT_CNV_WEIGHTED	RETAINED_AUTHORITY_LOCAL_FLANK_DEPTH	11.0	9.0	31.0	0.9995342421801647	0.0004657578198353708	0.0	assembly_artifact	False	EXCLUDE_EXACT_ASSEMBLY_RECORD	Exact ID_Full only; never a locus-wide exclusion
HG03942|HML-2_19q12|region2	HG03942_pat_hprc_r2_v1.0.1_HML-2_19q12_alt2	HG03942	HML-2_19q12	2	NON_SEGDUP_DUPLICATION_LATENT_CNV_WEIGHTED	AUTHORITY_BOUND_TRANSFERRED_PER_BASE_DEPTH	1.0	4.0	58.0	0.9999998583740083	1.41625991839425e-07	0.0	assembly_artifact	False	EXCLUDE_EXACT_ASSEMBLY_RECORD	Exact ID_Full only; never a locus-wide exclusion
HG04115|HML-2_15q25.2|region2	HG04115_pat_hprc_r2_v1.0.1_HML-2_15q25.2_alt2	HG04115	HML-2_15q25.2	2	NON_SEGDUP_DUPLICATION_LATENT_CNV_WEIGHTED	RETAINED_AUTHORITY_LOCAL_FLANK_DEPTH	17.0	15.0	44.0	0.9970429204539604	0.0029570795460395864	0.0	assembly_artifact	False	EXCLUDE_EXACT_ASSEMBLY_RECORD	Exact ID_Full only; never a locus-wide exclusion
HG04160|HML-2_4q32.1|region2	HG04160_pat_hprc_r2_v1.0.1_HML-2_4q32.1_alt2	HG04160	HML-2_4q32.1	2	NON_SEGDUP_DUPLICATION_LATENT_CNV_WEIGHTED	RETAINED_AUTHORITY_LOCAL_FLANK_DEPTH	6.0	5.0	38.5	0.9999986851474569	1.314852542972109e-06	0.0	assembly_artifact	False	EXCLUDE_EXACT_ASSEMBLY_RECORD	Exact ID_Full only; never a locus-wide exclusion
NA18620|HML-2_15p13a|region4	NA18620_hap1_hprc_r2_v1.0.1_HML-2_15p13a_alt4	NA18620	HML-2_15p13a	4	AUTHENTICATED_SEGMENTAL_DUPLICATION_FIXED	AUTHENTICATED_STRUCTURAL_SEGDUP_AUTHORITY	10.0	7.0	36.0	0.0	0.0	1.0	authenticated_segdup	False	RETAIN_EXACT_ASSEMBLY_RECORD	Exact ID_Full only; never a locus-wide exclusion
NA18879|HML-2_14q32.33|region2	NA18879_hap1_hprc_r2_v1.0.1_HML-2_14q32.33_alt1	NA18879	HML-2_14q32.33	2	NON_SEGDUP_DUPLICATION_LATENT_CNV_WEIGHTED	AUTHORITY_BOUND_TRANSFERRED_PER_BASE_DEPTH	3.0	4.0	37.0	0.9999994069476608	5.930523391905092e-07	0.0	assembly_artifact	False	EXCLUDE_EXACT_ASSEMBLY_RECORD	Exact ID_Full only; never a locus-wide exclusion
NA18906|HML-2_14q32.33|region2	NA18906_pat_hprc_r2_v1.0.1_HML-2_14q32.33_alt2	NA18906	HML-2_14q32.33	2	NON_SEGDUP_DUPLICATION_LATENT_CNV_WEIGHTED	RETAINED_AUTHORITY_LOCAL_FLANK_DEPTH	6.0	7.0	25.0	0.9996806957448122	0.0003193042551877473	0.0	assembly_artifact	False	EXCLUDE_EXACT_ASSEMBLY_RECORD	Exact ID_Full only; never a locus-wide exclusion
NA19043|HML-2_14q32.33|region1	NA19043_hap2_hprc_r2_v1.0.1_HML-2_14q32.33_alt1	NA19043	HML-2_14q32.33	1	NON_SEGDUP_DUPLICATION_LATENT_CNV_WEIGHTED	RETAINED_AUTHORITY_LOCAL_FLANK_DEPTH	10.0	7.0	28.5	0.9999092318655518	9.076813444814809e-05	0.0	assembly_artifact	False	EXCLUDE_EXACT_ASSEMBLY_RECORD	Exact ID_Full only; never a locus-wide exclusion
NA19338|HML-2_14q32.33|region2	NA19338_hap1_hprc_r2_v1.0.1_HML-2_14q32.33_alt2	NA19338	HML-2_14q32.33	2	NON_SEGDUP_DUPLICATION_LATENT_CNV_WEIGHTED	RETAINED_AUTHORITY_LOCAL_FLANK_DEPTH	7.0	6.0	52.0	0.9999992260517861	7.739482139154437e-07	0.0	assembly_artifact	False	EXCLUDE_EXACT_ASSEMBLY_RECORD	Exact ID_Full only; never a locus-wide exclusion
NA19338|HML-2_8q24.3c|region2	NA19338_hap1_hprc_r2_v1.0.1_HML-2_8q24.3c_alt2_DEGRADED_KCON_5009	NA19338	HML-2_8q24.3c	2	NON_SEGDUP_DUPLICATION_LATENT_CNV_WEIGHTED	AUTHORITY_BOUND_TRANSFERRED_PER_BASE_DEPTH	0.0	5.0	52.0	0.999999617045053	3.829549469672694e-07	0.0	assembly_artifact	False	EXCLUDE_EXACT_ASSEMBLY_RECORD	Exact ID_Full only; never a locus-wide exclusion
NA20850|HML-2_15p13a|region3	NA20850_hap1_hprc_r2_v1.0.1_HML-2_15p13a_alt2	NA20850	HML-2_15p13a	3	AUTHENTICATED_SEGMENTAL_DUPLICATION_FIXED	AUTHENTICATED_STRUCTURAL_SEGDUP_AUTHORITY	18.0	14.0	51.0	0.0	0.0	1.0	authenticated_segdup	False	RETAIN_EXACT_ASSEMBLY_RECORD	Exact ID_Full only; never a locus-wide exclusion
NA21102|HML-2_14q32.33|region2	NA21102_hap1_hprc_r2_v1.0.1_HML-2_14q32.33_alt2	NA21102	HML-2_14q32.33	2	NON_SEGDUP_DUPLICATION_LATENT_CNV_WEIGHTED	AUTHORITY_BOUND_EXACT_SIDE_DEPTH	6.0	14.0	46.5	0.9993098938910476	0.0006901061089524209	0.0	assembly_artifact	False	EXCLUDE_EXACT_ASSEMBLY_RECORD	Exact ID_Full only; never a locus-wide exclusion
NA21102|HML-2_14q32.33|region4	NA21102_hap2_hprc_r2_v1.0.1_HML-2_14q32.33_alt2	NA21102	HML-2_14q32.33	4	NON_SEGDUP_DUPLICATION_LATENT_CNV_WEIGHTED	AUTHORITY_BOUND_EXACT_SIDE_DEPTH	2.0	10.0	46.5	0.999970325927922	2.967407207797701e-05	0.0	assembly_artifact	False	EXCLUDE_EXACT_ASSEMBLY_RECORD	Exact ID_Full only; never a locus-wide exclusion
NA21110|HML-2_Xq28b|region2	NA21110_hap1_hprc_r2_v1.0.1_HML-2_Xq28b_alt2_DEGRADED_KCON_2382	NA21110	HML-2_Xq28b	2	AUTHENTICATED_SEGMENTAL_DUPLICATION_FIXED	AUTHENTICATED_STRUCTURAL_SEGDUP_AUTHORITY	1.0	0.0	42.0	0.0	0.0	1.0	authenticated_segdup	False	RETAIN_EXACT_ASSEMBLY_RECORD	Exact ID_Full only; never a locus-wide exclusion
HG00658|HML-2_7p22.1|asmdup	HG00658_pat_hprc_r2_v1.0.1_HML-2_7p22.1_asmdup	HG00658	HML-2_7p22.1	asmdup	EXACT_COORDINATE_ARRAY_TRUTH	project/working/sevenp22_proxy_resolution_agent/haplotype_copy_number_truth.tsv				1	0	0	assembly_artifact	True	EXCLUDE_EXACT_ASSEMBLY_RECORD	Exact ID_Full only; never a locus-wide exclusion
