ID_Full	Locus	ID	Haplotype	Structure	observation_state	observation_state_reason	observation_source_kind	copy_observation_class	dominant_copy_state	assembly_artifact_probability
HG00140_hap2_hprc_r2_v1.0.1_HML-2_14q32.33_alt1	HML-2_14q32.33	HG00140	h2	Fragment	PRESENT	INSERTION_OBSERVATION_RETAINED	assembly	NA	assembly_artifact	0.9985711405171188
HG00140_hap2_hprc_r2_v1.0.1_HML-2_14q32.33_alt2	HML-2_14q32.33	HG00140	h2	Fragment	PRESENT	INSERTION_OBSERVATION_RETAINED	assembly	NA	assembly_artifact	0.9999989601435695
HG00597_mat_hprc_r2_v1.0.1_HML-2_14q32.33_alt2	HML-2_14q32.33	HG00597	mat	Fragment	PRESENT	INSERTION_OBSERVATION_RETAINED	assembly	NA	assembly_artifact	0.9997180776234648
HG01255_mat_hprc_r2_v1.0.1_HML-2_14q32.33_alt2	HML-2_14q32.33	HG01255	mat	Fragment	PRESENT	INSERTION_OBSERVATION_RETAINED	assembly	NA	assembly_artifact	0.9999976993889839
HG01784_hap2_hprc_r2_v1.0.1_HML-2_14q32.33_alt1	HML-2_14q32.33	HG01784	h2	Fragment	PRESENT	INSERTION_OBSERVATION_RETAINED	assembly	NA	assembly_artifact	0.9999968388897591
HG01784_hap2_hprc_r2_v1.0.1_HML-2_14q32.33_alt3	HML-2_14q32.33	HG01784	h2	Fragment	PRESENT	INSERTION_OBSERVATION_RETAINED	assembly	NA	assembly_artifact	0.9999968388897591
HG02074_pat_hprc_r2_v1.0.1_HML-2_14q32.33_alt2	HML-2_14q32.33	HG02074	pat	Fragment	PRESENT	INSERTION_OBSERVATION_RETAINED	assembly	NA	assembly_artifact	0.9999999886413712
HG02273_hap2_hprc_r2_v1.0.1_HML-2_14q32.33_alt2	HML-2_14q32.33	HG02273	h2	Fragment	PRESENT	INSERTION_OBSERVATION_RETAINED	assembly	NA	assembly_artifact	0.9998039349130416
HG02523_mat_hprc_r2_v1.0.1_HML-2_14q32.33_alt1	HML-2_14q32.33	HG02523	mat	Fragment	PRESENT	INSERTION_OBSERVATION_RETAINED	assembly	NA	assembly_artifact	0.9999994865878732
HG02818_pat_hprc_r2_v1.0.1_HML-2_14q32.33_alt2	HML-2_14q32.33	HG02818	pat	Fragment	PRESENT	INSERTION_OBSERVATION_RETAINED	assembly	NA	assembly_artifact	0.9998413995641228
HG02965_hap2_hprc_r2_v1.0.1_HML-2_14q32.33_alt1	HML-2_14q32.33	HG02965	h2	Fragment	PRESENT	INSERTION_OBSERVATION_RETAINED	assembly	NA	assembly_artifact	0.9971784924699552
HG03521_hap1_hprc_r2_v1.0.1_HML-2_14q32.33_alt2	HML-2_14q32.33	HG03521	h1	Fragment	PRESENT	INSERTION_OBSERVATION_RETAINED	assembly	NA	assembly_artifact	0.9995342421801647
NA18879_hap1_hprc_r2_v1.0.1_HML-2_14q32.33_alt1	HML-2_14q32.33	NA18879	h1	Fragment	PRESENT	INSERTION_OBSERVATION_RETAINED	assembly	NA	assembly_artifact	0.9999994069476608
NA18906_pat_hprc_r2_v1.0.1_HML-2_14q32.33_alt2	HML-2_14q32.33	NA18906	pat	Fragment	PRESENT	INSERTION_OBSERVATION_RETAINED	assembly	NA	assembly_artifact	0.9996806957448122
NA19043_hap2_hprc_r2_v1.0.1_HML-2_14q32.33_alt1	HML-2_14q32.33	NA19043	h2	Fragment	PRESENT	INSERTION_OBSERVATION_RETAINED	assembly	NA	assembly_artifact	0.9999092318655518
NA19338_hap1_hprc_r2_v1.0.1_HML-2_14q32.33_alt2	HML-2_14q32.33	NA19338	h1	Fragment	PRESENT	INSERTION_OBSERVATION_RETAINED	assembly	NA	assembly_artifact	0.9999992260517861
NA21102_hap1_hprc_r2_v1.0.1_HML-2_14q32.33_alt2	HML-2_14q32.33	NA21102	h1	Fragment	PRESENT	INSERTION_OBSERVATION_RETAINED	assembly	NA	assembly_artifact	0.9993098938910476
NA21102_hap2_hprc_r2_v1.0.1_HML-2_14q32.33_alt2	HML-2_14q32.33	NA21102	h2	Fragment	PRESENT	INSERTION_OBSERVATION_RETAINED	assembly	NA	assembly_artifact	0.999970325927922
HG00280_hap1_hprc_r2_v1.0.1_HML-2_15p13b_alt1	HML-2_15p13b	HG00280	h1	Fragment	PRESENT	INSERTION_OBSERVATION_RETAINED	assembly	NA	assembly_artifact	0.9999999886413712
HG00280_hap1_hprc_r2_v1.0.1_HML-2_15p13b_alt2	HML-2_15p13b	HG00280	h1	Fragment	PRESENT	INSERTION_OBSERVATION_RETAINED	assembly	NA	assembly_artifact	0.9999999886413712
HG00280_hap1_hprc_r2_v1.0.1_HML-2_15p13b_alt3	HML-2_15p13b	HG00280	h1	Fragment	PRESENT	INSERTION_OBSERVATION_RETAINED	assembly	NA	assembly_artifact	0.9999999886413712
HG04115_pat_hprc_r2_v1.0.1_HML-2_15q25.2_alt2	HML-2_15q25.2	HG04115	pat	Solo-LTR	PRESENT	INSERTION_OBSERVATION_RETAINED	assembly	NA	assembly_artifact	0.9970429204539604
HG00609_mat_hprc_r2_v1.0.1_HML-2_19q12_alt2	HML-2_19q12	HG00609	mat	Provirus	PRESENT	INSERTION_OBSERVATION_RETAINED	assembly	NA	assembly_artifact	0.9999733447887127
HG03942_pat_hprc_r2_v1.0.1_HML-2_19q12_alt2	HML-2_19q12	HG03942	pat	Solo-LTR	PRESENT	INSERTION_OBSERVATION_RETAINED	assembly	NA	assembly_artifact	0.9999998583740083
HG00423_pat_hprc_r2_v1.0.1_HML-2_1q22_alt2	HML-2_1q22	HG00423	pat	Provirus	PRESENT	INSERTION_OBSERVATION_RETAINED	assembly	NA	assembly_artifact	0.9999999722750369
HG00253_hap1_hprc_r2_v1.0.1_HML-2_4p16.3a_alt2	HML-2_4p16.3a	HG00253	h1	Fragment	PRESENT	INSERTION_OBSERVATION_RETAINED	assembly	NA	assembly_artifact	0.9831295136521839
HG02165_hap2_hprc_r2_v1.0.1_HML-2_4p16.3a_alt2	HML-2_4p16.3a	HG02165	h2	Fragment	PRESENT	INSERTION_OBSERVATION_RETAINED	assembly	NA	assembly_artifact	0.9917101453252473
HG04160_pat_hprc_r2_v1.0.1_HML-2_4q32.1_alt2	HML-2_4q32.1	HG04160	pat	Fragment	PRESENT	INSERTION_OBSERVATION_RETAINED	assembly	NA	assembly_artifact	0.9999986851474569
HG00253_hap1_hprc_r2_v1.0.1_HML-2_4q35.2_hg38_alt1	HML-2_4q35.2_hg38	HG00253	h1	Fragment	PRESENT	INSERTION_OBSERVATION_RETAINED	assembly	NA	assembly_artifact	0.9831295136521839
HG00253_hap1_hprc_r2_v1.0.1_HML-2_4q35.2_hg38_alt2	HML-2_4q35.2_hg38	HG00253	h1	Fragment	PRESENT	INSERTION_OBSERVATION_RETAINED	assembly	NA	assembly_artifact	0.9999999886413712
HG00658_pat_hprc_r2_v1.0.1_HML-2_7p22.1_asmdup	HML-2_7p22.1	HG00658	pat	Provirus	PRESENT	INSERTION_OBSERVATION_RETAINED	assembly	NA	assembly_artifact	1
NA19338_hap1_hprc_r2_v1.0.1_HML-2_8q24.3c_alt2_DEGRADED_KCON_5009	HML-2_8q24.3c	NA19338	h1	Fragment	PRESENT	INSERTION_OBSERVATION_RETAINED	assembly	NA	assembly_artifact	0.999999617045053
HG00280_hap1_hprc_r2_v1.0.1_HML-2_Yq11.23a_alt1	HML-2_Yq11.23a	HG00280	h1	Solo-LTR	PRESENT	INSERTION_OBSERVATION_RETAINED	assembly	NA	assembly_artifact	0.9999999886413712
HG00280_hap1_hprc_r2_v1.0.1_HML-2_Yq11.23a_alt2	HML-2_Yq11.23a	HG00280	h1	Solo-LTR	PRESENT	INSERTION_OBSERVATION_RETAINED	assembly	NA	assembly_artifact	0.9999999886413712
HG02015_pat_hprc_r2_v1.0.1_HML-2_Yq11.23a_alt2	HML-2_Yq11.23a	HG02015	pat	Solo-LTR	PRESENT	INSERTION_OBSERVATION_RETAINED	assembly	NA	assembly_artifact	0.9999993852350755
