ID_Full	Locus	orig_Locus	ID	Haplotype	Structure	Source_Identifier	alignment_path	alignment_sha256	alignment_reference_id	direct_cassette_call	direct_cassette_evidence_sha256	direct_evidence	type_call_reason_codes	input_sha256
NA20847_h1_HML-2_13p13_graph_hgsvc3_linked_recovery	HML-2_13p13	HML-2_13p13	NA20847	h1	Fragment	NA20847#1#haplotype1-0000051#0:149076-155403	historical_source/Library/Mobile Documents/com~apple~CloudDocs/Documents/Med_School/PostDoc/Manuscripts/HML2PopGenManuscript/_audit_2026-09-14/source_call_resolution/broad_graph_recovered/validated_calls/orf_analysis/HML-2_13p13/HML-2_13p13_all_haplotypes_aligned_type1_KCON.fasta	c2c5ef1bbc5e834e37eace6522a0679ba43fd0507b928703595e7d2db2484c81	type1_KCON	TypeI	4c8bf01ac336c06b642fde7370db858f5008419180d50711ea1cd7767c974a23	True	at_least_one_direct_pass_all_direct_passes_agree	187d92cfe224fe9535b3e6f6e22b0817981cd5a3afe918f39af633a3df91ea87
NA20355_h1_HML-2_15p13a_graph_hgsvc3_linked_recovery	HML-2_15p13a	HML-2_15p13a	NA20355	h1	Fragment	NA20355#1#haplotype1-0000005#0:2980327-2987802	historical_source/Library/Mobile Documents/com~apple~CloudDocs/Documents/Med_School/PostDoc/Manuscripts/HML2PopGenManuscript/_audit_2026-09-14/source_call_resolution/broad_graph_recovered/validated_calls/orf_analysis/HML-2_15p13a/HML-2_15p13a_all_haplotypes_aligned_type2_KCON.fasta	742b80f5ff58b6ae02ad554000882ba2fc4cc0147631dd0569b02ecf133bcbbb	type2_KCON	TypeII	03da401d11e229b1b90e0e878d8ccf5697ac2ce11afc4d9c9f60128746e62812	True	at_least_one_direct_pass_all_direct_passes_agree	66f5726d5fa178b43455093142e3137161d04a46ebc980a603498cd62dabb2bd
HG00514_h1_HML-2_22p13_graph_hgsvc3_linked_recovery	HML-2_22p13	HML-2_22p13	HG00514	h1	Fragment	HG00514#1#haplotype1-0000034#0:2045725-2053208	historical_source/Library/Mobile Documents/com~apple~CloudDocs/Documents/Med_School/PostDoc/Manuscripts/HML2PopGenManuscript/_audit_2026-09-14/source_call_resolution/broad_graph_recovered/validated_calls/orf_analysis/HML-2_22p13/HML-2_22p13_all_haplotypes_aligned_type2_KCON.fasta	38453ed62550206883e0671e04f3b9eff2be072ac613349f20fa450b6fe86d42	type2_KCON	TypeII	4faf185441c619a4a1b150dad921884cc79c8dbf3fa12836e6b6b0666880f320	True	at_least_one_direct_pass_all_direct_passes_agree	382d8760f95980c65521dcc3109fa7a5fb1cfc9d14e5cdb159afd6cfb383a865
HG00171_h2_HML-2_4q35.2_hg38_graph_hgsvc3_linked_recovery	HML-2_4q35.2_hg38	HML-2_4q35.2_hg38	HG00171	h2	Fragment	HG00171#2#haplotype2-0000147#0:15888-23371	historical_source/Library/Mobile Documents/com~apple~CloudDocs/Documents/Med_School/PostDoc/Manuscripts/HML2PopGenManuscript/_audit_2026-09-14/source_call_resolution/broad_graph_recovered/validated_calls/orf_analysis/HML-2_4q35.2_hg38/HML-2_4q35.2_hg38_all_haplotypes_aligned_type2_KCON.fasta	9f8a3979c7508b719697777de6118752b94c284b8f655876824fd0568cabdd89	type2_KCON	TypeII	bd547aa7bbb0776a5481477125c43f8e26c94d8650f6e6e1a767ac0f265e200d	True	at_least_one_direct_pass_all_direct_passes_agree	f0fb74588b133aca8dc64ed677c675993a61e4616f8b9590d1607c5cead67c3a
HG00268_h1_HML-2_4q35.2_hg38_graph_hgsvc3_linked_recovery	HML-2_4q35.2_hg38	HML-2_4q35.2_hg38	HG00268	h1	Fragment	HG00268#1#haplotype1-0000012#0:191859250-191866720	historical_source/Library/Mobile Documents/com~apple~CloudDocs/Documents/Med_School/PostDoc/Manuscripts/HML2PopGenManuscript/_audit_2026-09-14/source_call_resolution/broad_graph_recovered/validated_calls/orf_analysis/HML-2_4q35.2_hg38/HML-2_4q35.2_hg38_all_haplotypes_aligned_type2_KCON.fasta	9f8a3979c7508b719697777de6118752b94c284b8f655876824fd0568cabdd89	type2_KCON	TypeII	f5286d6c2402324829951d55478ce794d84232f667eaa8fdda3c59f4990e20d4	True	at_least_one_direct_pass_all_direct_passes_agree	4e146158d805f0856b07916f14e0d88dd81fb5514c070ac9cf1a6b2bbb91fcdd
HG00268_h2_HML-2_4q35.2_hg38_graph_hgsvc3_linked_recovery	HML-2_4q35.2_hg38	HML-2_4q35.2_hg38	HG00268	h2	Fragment	HG00268#2#haplotype2-0000062#0:139940674-139948144	historical_source/Library/Mobile Documents/com~apple~CloudDocs/Documents/Med_School/PostDoc/Manuscripts/HML2PopGenManuscript/_audit_2026-09-14/source_call_resolution/broad_graph_recovered/validated_calls/orf_analysis/HML-2_4q35.2_hg38/HML-2_4q35.2_hg38_all_haplotypes_aligned_type2_KCON.fasta	9f8a3979c7508b719697777de6118752b94c284b8f655876824fd0568cabdd89	type2_KCON	TypeII	4c2155c8b6ecea2652e038acc210c0d65bd598ea454ad53c42e1b675d35797d2	True	at_least_one_direct_pass_all_direct_passes_agree	1cc228b2d7eb564c5395131ca72b9a1ebab31e30c296aa122f63f442bf23efd5
HG00512_h1_HML-2_4q35.2_hg38_graph_hgsvc3_linked_recovery	HML-2_4q35.2_hg38	HML-2_4q35.2_hg38	HG00512	h1	Fragment	HG00512#1#haplotype1-0000030#0:141620686-141628159	historical_source/Library/Mobile Documents/com~apple~CloudDocs/Documents/Med_School/PostDoc/Manuscripts/HML2PopGenManuscript/_audit_2026-09-14/source_call_resolution/broad_graph_recovered/validated_calls/orf_analysis/HML-2_4q35.2_hg38/HML-2_4q35.2_hg38_all_haplotypes_aligned_type2_KCON.fasta	9f8a3979c7508b719697777de6118752b94c284b8f655876824fd0568cabdd89	type2_KCON	TypeII	fec5a64d1dbc7401b45713bf6fefc1109d3d086bbe97833ecb7f50f3048e762a	True	at_least_one_direct_pass_all_direct_passes_agree	50e7ed3d511d7287af6f48467132464b8943780f8838455d0a4722b77ef063c7
HG00731_h1_HML-2_4q35.2_hg38_graph_hgsvc3_linked_recovery	HML-2_4q35.2_hg38	HML-2_4q35.2_hg38	HG00731	h1	Fragment	HG00731#1#haplotype1-0000006#0:17426-24909	historical_source/Library/Mobile Documents/com~apple~CloudDocs/Documents/Med_School/PostDoc/Manuscripts/HML2PopGenManuscript/_audit_2026-09-14/source_call_resolution/broad_graph_recovered/validated_calls/orf_analysis/HML-2_4q35.2_hg38/HML-2_4q35.2_hg38_all_haplotypes_aligned_type2_KCON.fasta	9f8a3979c7508b719697777de6118752b94c284b8f655876824fd0568cabdd89	type2_KCON	TypeII	abbd900870a71626a50822f20511afc590fd6cb31a60b4e57c4c9073b2ed5b7f	True	at_least_one_direct_pass_all_direct_passes_agree	81c25591aa87c68e7cae39907953203dc67dd31f16236e4736c50e1247f80602
HG01114_h2_HML-2_4q35.2_hg38_graph_hgsvc3_linked_recovery	HML-2_4q35.2_hg38	HML-2_4q35.2_hg38	HG01114	h2	Fragment	HG01114#2#haplotype2-0000288#0:21019-28490	historical_source/Library/Mobile Documents/com~apple~CloudDocs/Documents/Med_School/PostDoc/Manuscripts/HML2PopGenManuscript/_audit_2026-09-14/source_call_resolution/broad_graph_recovered/validated_calls/orf_analysis/HML-2_4q35.2_hg38/HML-2_4q35.2_hg38_all_haplotypes_aligned_type2_KCON.fasta	9f8a3979c7508b719697777de6118752b94c284b8f655876824fd0568cabdd89	type2_KCON	TypeII	2e1926a81531eca36f5f8727748d5ef772d74e5275b456326be71c7b1d3509af	True	at_least_one_direct_pass_all_direct_passes_agree	c24a347c5e770bd34b8eca86a2b4908c5ab8ca1a2eadccf48cbb1e2f0a1d41d3
HG01457_h1_HML-2_4q35.2_hg38_graph_hgsvc3_linked_recovery	HML-2_4q35.2_hg38	HML-2_4q35.2_hg38	HG01457	h1	Fragment	HG01457#1#haplotype1-0000007#0:191605946-191613428	historical_source/Library/Mobile Documents/com~apple~CloudDocs/Documents/Med_School/PostDoc/Manuscripts/HML2PopGenManuscript/_audit_2026-09-14/source_call_resolution/broad_graph_recovered/validated_calls/orf_analysis/HML-2_4q35.2_hg38/HML-2_4q35.2_hg38_all_haplotypes_aligned_type2_KCON.fasta	9f8a3979c7508b719697777de6118752b94c284b8f655876824fd0568cabdd89	type2_KCON	TypeII	c00d80703d844ac6b3a01dfcdccd49ac0f6f30db5371b454a648185bfa8a7e10	True	at_least_one_direct_pass_all_direct_passes_agree	0c03de8215c20840cacd035a3f632134ade1afbfa0ed671381a6d85d1c7ac05e
HG01505_h2_HML-2_4q35.2_hg38_graph_hgsvc3_linked_recovery	HML-2_4q35.2_hg38	HML-2_4q35.2_hg38	HG01505	h2	Fragment	HG01505#2#haplotype2-0000157#0:15671-23158	historical_source/Library/Mobile Documents/com~apple~CloudDocs/Documents/Med_School/PostDoc/Manuscripts/HML2PopGenManuscript/_audit_2026-09-14/source_call_resolution/broad_graph_recovered/validated_calls/orf_analysis/HML-2_4q35.2_hg38/HML-2_4q35.2_hg38_all_haplotypes_aligned_type2_KCON.fasta	9f8a3979c7508b719697777de6118752b94c284b8f655876824fd0568cabdd89	type2_KCON	TypeII	069d24f8b12493889ad6c7bc31ada8344bdb12f122307fad8145207ec9030102	True	at_least_one_direct_pass_all_direct_passes_agree	c0ab6660f25d11968d747fedfcfb5077d733625a7299d15324fc03227b0e0f93
HG01596_h2_HML-2_4q35.2_hg38_graph_hgsvc3_linked_recovery	HML-2_4q35.2_hg38	HML-2_4q35.2_hg38	HG01596	h2	Fragment	HG01596#2#haplotype2-0000112#0:191832787-191840269	historical_source/Library/Mobile Documents/com~apple~CloudDocs/Documents/Med_School/PostDoc/Manuscripts/HML2PopGenManuscript/_audit_2026-09-14/source_call_resolution/broad_graph_recovered/validated_calls/orf_analysis/HML-2_4q35.2_hg38/HML-2_4q35.2_hg38_all_haplotypes_aligned_type2_KCON.fasta	9f8a3979c7508b719697777de6118752b94c284b8f655876824fd0568cabdd89	type2_KCON	TypeII	a605748a096e0456d86c6f6d75fc55a41dbdd2e3b0ea8d514421f13eaee5ff31	True	at_least_one_direct_pass_all_direct_passes_agree	5e3f3bf5ac61f536585b7af319fc37fd35422193c553ea58511f9d830fd2074a
HG02492_h1_HML-2_4q35.2_hg38_graph_hgsvc3_linked_recovery	HML-2_4q35.2_hg38	HML-2_4q35.2_hg38	HG02492	h1	Fragment	HG02492#1#haplotype1-0000021#0:191121228-191128710	historical_source/Library/Mobile Documents/com~apple~CloudDocs/Documents/Med_School/PostDoc/Manuscripts/HML2PopGenManuscript/_audit_2026-09-14/source_call_resolution/broad_graph_recovered/validated_calls/orf_analysis/HML-2_4q35.2_hg38/HML-2_4q35.2_hg38_all_haplotypes_aligned_type2_KCON.fasta	9f8a3979c7508b719697777de6118752b94c284b8f655876824fd0568cabdd89	type2_KCON	TypeII	36a32aeee55c5a70ad4798bd04e6b527bf92d630508db59e098a2e98c590d3ff	True	at_least_one_direct_pass_all_direct_passes_agree	f182e5f2d92c7c0d1ff521d929af899e6531fd212289e8c24d792a09cdd0c211
HG02554_h1_HML-2_4q35.2_hg38_graph_hgsvc3_linked_recovery	HML-2_4q35.2_hg38	HML-2_4q35.2_hg38	HG02554	h1	Fragment	HG02554#1#haplotype1-0000019#0:18994815-19002298	historical_source/Library/Mobile Documents/com~apple~CloudDocs/Documents/Med_School/PostDoc/Manuscripts/HML2PopGenManuscript/_audit_2026-09-14/source_call_resolution/broad_graph_recovered/validated_calls/orf_analysis/HML-2_4q35.2_hg38/HML-2_4q35.2_hg38_all_haplotypes_aligned_type2_KCON.fasta	9f8a3979c7508b719697777de6118752b94c284b8f655876824fd0568cabdd89	type2_KCON	TypeII	1ab6101a4a0fbf489615156317eace75b08454ef6c70524ffc1d5bb08cee6b7e	True	at_least_one_direct_pass_all_direct_passes_agree	c80b182b4873a3ef910c8719b6da01d99909943a5d954dfcab3822bc47207568
HG02554_h2_HML-2_4q35.2_hg38_graph_hgsvc3_linked_recovery	HML-2_4q35.2_hg38	HML-2_4q35.2_hg38	HG02554	h2	Fragment	HG02554#2#haplotype2-0000197#0:22161-29644	historical_source/Library/Mobile Documents/com~apple~CloudDocs/Documents/Med_School/PostDoc/Manuscripts/HML2PopGenManuscript/_audit_2026-09-14/source_call_resolution/broad_graph_recovered/validated_calls/orf_analysis/HML-2_4q35.2_hg38/HML-2_4q35.2_hg38_all_haplotypes_aligned_type2_KCON.fasta	9f8a3979c7508b719697777de6118752b94c284b8f655876824fd0568cabdd89	type2_KCON	TypeII	e84bbe082da6409c681d0edbc9eaaa92b21a0fd301559f776c3426c988b738d1	True	at_least_one_direct_pass_all_direct_passes_agree	870fc9c18ae208e81f1ef998ce9aa1976a8cbebdf2d8a314733b1818c171f004
HG03009_h1_HML-2_4q35.2_hg38_graph_hgsvc3_linked_recovery	HML-2_4q35.2_hg38	HML-2_4q35.2_hg38	HG03009	h1	Fragment	HG03009#1#haplotype1-0000035#0:14365-21847	historical_source/Library/Mobile Documents/com~apple~CloudDocs/Documents/Med_School/PostDoc/Manuscripts/HML2PopGenManuscript/_audit_2026-09-14/source_call_resolution/broad_graph_recovered/validated_calls/orf_analysis/HML-2_4q35.2_hg38/HML-2_4q35.2_hg38_all_haplotypes_aligned_type2_KCON.fasta	9f8a3979c7508b719697777de6118752b94c284b8f655876824fd0568cabdd89	type2_KCON	TypeII	ad973ce57ba5b8d23cccb5ae90f9a0c9ef3ceafb44c12a965f6fdd2178e15d9e	True	at_least_one_direct_pass_all_direct_passes_agree	c81410d91d2b699a8cb53296f05565dc49171ed39634517119b031ffb5707153
HG03065_h1_HML-2_4q35.2_hg38_graph_hgsvc3_linked_recovery	HML-2_4q35.2_hg38	HML-2_4q35.2_hg38	HG03065	h1	Fragment	HG03065#1#haplotype1-0000025#0:11624-19102	historical_source/Library/Mobile Documents/com~apple~CloudDocs/Documents/Med_School/PostDoc/Manuscripts/HML2PopGenManuscript/_audit_2026-09-14/source_call_resolution/broad_graph_recovered/validated_calls/orf_analysis/HML-2_4q35.2_hg38/HML-2_4q35.2_hg38_all_haplotypes_aligned_type2_KCON.fasta	9f8a3979c7508b719697777de6118752b94c284b8f655876824fd0568cabdd89	type2_KCON	TypeII	98506679ad1c5402ee5d68aabb01a384ea85a6810998051724ab7dc1fc33cf7c	True	at_least_one_direct_pass_all_direct_passes_agree	de038c2d317654ff3b33071f840b96e94ff5cf07fcaa1a0e6479aee1ffc7836d
HG03456_h1_HML-2_4q35.2_hg38_graph_hgsvc3_linked_recovery	HML-2_4q35.2_hg38	HML-2_4q35.2_hg38	HG03456	h1	Fragment	HG03456#1#haplotype1-0000006#0:191408089-191415567	historical_source/Library/Mobile Documents/com~apple~CloudDocs/Documents/Med_School/PostDoc/Manuscripts/HML2PopGenManuscript/_audit_2026-09-14/source_call_resolution/broad_graph_recovered/validated_calls/orf_analysis/HML-2_4q35.2_hg38/HML-2_4q35.2_hg38_all_haplotypes_aligned_type2_KCON.fasta	9f8a3979c7508b719697777de6118752b94c284b8f655876824fd0568cabdd89	type2_KCON	TypeII	5301234d4d456ab5e992459394c353865654e79291efa4478737eb1732c2165f	True	at_least_one_direct_pass_all_direct_passes_agree	8cc52d78fce9db5252a196ca32ccf3c1953afc2f2af2f4255fc541756f4c20a0
HG03732_h1_HML-2_4q35.2_hg38_graph_hgsvc3_linked_recovery	HML-2_4q35.2_hg38	HML-2_4q35.2_hg38	HG03732	h1	Fragment	HG03732#1#haplotype1-0000022#0:17012-24498	historical_source/Library/Mobile Documents/com~apple~CloudDocs/Documents/Med_School/PostDoc/Manuscripts/HML2PopGenManuscript/_audit_2026-09-14/source_call_resolution/broad_graph_recovered/validated_calls/orf_analysis/HML-2_4q35.2_hg38/HML-2_4q35.2_hg38_all_haplotypes_aligned_type2_KCON.fasta	9f8a3979c7508b719697777de6118752b94c284b8f655876824fd0568cabdd89	type2_KCON	TypeII	ac866ea5561896d230576c3facf571184db0f1a11a136cb159e76493f5a2ee8a	True	at_least_one_direct_pass_all_direct_passes_agree	ee482a291d644127472e23b578ccc9f135eed8fe1fc4f06d6df8ed5daf22814c
HG03807_h1_HML-2_4q35.2_hg38_graph_hgsvc3_linked_recovery	HML-2_4q35.2_hg38	HML-2_4q35.2_hg38	HG03807	h1	Fragment	HG03807#1#haplotype1-0000037#0:192573375-192580857	historical_source/Library/Mobile Documents/com~apple~CloudDocs/Documents/Med_School/PostDoc/Manuscripts/HML2PopGenManuscript/_audit_2026-09-14/source_call_resolution/broad_graph_recovered/validated_calls/orf_analysis/HML-2_4q35.2_hg38/HML-2_4q35.2_hg38_all_haplotypes_aligned_type2_KCON.fasta	9f8a3979c7508b719697777de6118752b94c284b8f655876824fd0568cabdd89	type2_KCON	TypeII	9c914f4fdadce4046f2991979e0e58e41d2de5ce19838d923165c1e8763a12fd	True	at_least_one_direct_pass_all_direct_passes_agree	20af4666e1e7c78a26c9b5eb95f264f2637a8834abaddf7c8aaf43fc433bed64
NA12329_h2_HML-2_4q35.2_hg38_graph_hgsvc3_linked_recovery	HML-2_4q35.2_hg38	HML-2_4q35.2_hg38	NA12329	h2	Fragment	NA12329#2#haplotype2-0000096#0:191411916-191419398	historical_source/Library/Mobile Documents/com~apple~CloudDocs/Documents/Med_School/PostDoc/Manuscripts/HML2PopGenManuscript/_audit_2026-09-14/source_call_resolution/broad_graph_recovered/validated_calls/orf_analysis/HML-2_4q35.2_hg38/HML-2_4q35.2_hg38_all_haplotypes_aligned_type2_KCON.fasta	9f8a3979c7508b719697777de6118752b94c284b8f655876824fd0568cabdd89	type2_KCON	TypeII	94bf354cbd912302b8acc974bed72abe96a76e711a59c138094d05e15a8327a8	True	at_least_one_direct_pass_all_direct_passes_agree	2fda43b436baa8cc4cd8d9ee2bd34faf24b968c9ee7359ba841df55fbdc77b59
NA18939_h1_HML-2_4q35.2_hg38_graph_hgsvc3_linked_recovery	HML-2_4q35.2_hg38	HML-2_4q35.2_hg38	NA18939	h1	Fragment	NA18939#1#haplotype1-0000025#0:192535570-192543052	historical_source/Library/Mobile Documents/com~apple~CloudDocs/Documents/Med_School/PostDoc/Manuscripts/HML2PopGenManuscript/_audit_2026-09-14/source_call_resolution/broad_graph_recovered/validated_calls/orf_analysis/HML-2_4q35.2_hg38/HML-2_4q35.2_hg38_all_haplotypes_aligned_type2_KCON.fasta	9f8a3979c7508b719697777de6118752b94c284b8f655876824fd0568cabdd89	type2_KCON	TypeII	3865030a4a3d5a25947b1d58809d7fa972cb65fc7c96024cb976f4f90014bf18	True	at_least_one_direct_pass_all_direct_passes_agree	9ce96422bfb7a6833da65ed5293dfdf115a130ca7a15de13d9de138d10a128b3
NA19239_h1_HML-2_4q35.2_hg38_graph_hgsvc3_linked_recovery	HML-2_4q35.2_hg38	HML-2_4q35.2_hg38	NA19239	h1	Fragment	NA19239#1#haplotype1-0000007#0:18826-26304	historical_source/Library/Mobile Documents/com~apple~CloudDocs/Documents/Med_School/PostDoc/Manuscripts/HML2PopGenManuscript/_audit_2026-09-14/source_call_resolution/broad_graph_recovered/validated_calls/orf_analysis/HML-2_4q35.2_hg38/HML-2_4q35.2_hg38_all_haplotypes_aligned_type2_KCON.fasta	9f8a3979c7508b719697777de6118752b94c284b8f655876824fd0568cabdd89	type2_KCON	TypeII	9e8ba1bf448b3f2c9e884f7354abcc2b45cff0b5889997d0394640f766297e24	True	at_least_one_direct_pass_all_direct_passes_agree	9d965557ec283f9df6d63747fae09d0d8b1586fd591b2bbc4ad38e8172211de4
NA19650_h2_HML-2_4q35.2_hg38_graph_hgsvc3_linked_recovery	HML-2_4q35.2_hg38	HML-2_4q35.2_hg38	NA19650	h2	Fragment	NA19650#2#haplotype2-0000093#0:140391553-140399035	historical_source/Library/Mobile Documents/com~apple~CloudDocs/Documents/Med_School/PostDoc/Manuscripts/HML2PopGenManuscript/_audit_2026-09-14/source_call_resolution/broad_graph_recovered/validated_calls/orf_analysis/HML-2_4q35.2_hg38/HML-2_4q35.2_hg38_all_haplotypes_aligned_type2_KCON.fasta	9f8a3979c7508b719697777de6118752b94c284b8f655876824fd0568cabdd89	type2_KCON	TypeII	6441ae444725a8599e6c8eeefcb2133a4a497815e7728590e1734c8ca045af64	True	at_least_one_direct_pass_all_direct_passes_agree	a002fcd54b641b92c4958b5cbe4a4e5168be4e20f2128aa2fd35e693cdedf3ed
NA20509_h1_HML-2_4q35.2_hg38_graph_hgsvc3_linked_recovery	HML-2_4q35.2_hg38	HML-2_4q35.2_hg38	NA20509	h1	Fragment	NA20509#1#haplotype1-0000032#0:191626668-191634150	historical_source/Library/Mobile Documents/com~apple~CloudDocs/Documents/Med_School/PostDoc/Manuscripts/HML2PopGenManuscript/_audit_2026-09-14/source_call_resolution/broad_graph_recovered/validated_calls/orf_analysis/HML-2_4q35.2_hg38/HML-2_4q35.2_hg38_all_haplotypes_aligned_type2_KCON.fasta	9f8a3979c7508b719697777de6118752b94c284b8f655876824fd0568cabdd89	type2_KCON	TypeII	bc4833e93acdc07c59306f66a49a32695b3194f24c62f882783c83ff31929473	True	at_least_one_direct_pass_all_direct_passes_agree	50e8332b289d0d2b35ddd37975227debcc2d21241d04ba3a1cbd3ad70b1d3275
NA20509_h2_HML-2_4q35.2_hg38_graph_hgsvc3_linked_recovery	HML-2_4q35.2_hg38	HML-2_4q35.2_hg38	NA20509	h2	Fragment	NA20509#2#haplotype2-0000106#0:191600808-191608290	historical_source/Library/Mobile Documents/com~apple~CloudDocs/Documents/Med_School/PostDoc/Manuscripts/HML2PopGenManuscript/_audit_2026-09-14/source_call_resolution/broad_graph_recovered/validated_calls/orf_analysis/HML-2_4q35.2_hg38/HML-2_4q35.2_hg38_all_haplotypes_aligned_type2_KCON.fasta	9f8a3979c7508b719697777de6118752b94c284b8f655876824fd0568cabdd89	type2_KCON	TypeII	46ff1ba0f872c8a80ebbf2c0378f11f50e7c6769163be8b6c7a95dc1b862bcb2	True	at_least_one_direct_pass_all_direct_passes_agree	1de84f459f6b998cf490fdcc75c26747260a1907f75cc8c8e2901c7e66b67782
NA24385_h2_HML-2_4q35.2_hg38_graph_hgsvc3_linked_recovery	HML-2_4q35.2_hg38	HML-2_4q35.2_hg38	NA24385	h2	Fragment	NA24385#2#haplotype2-0000071#0:17079-24561	historical_source/Library/Mobile Documents/com~apple~CloudDocs/Documents/Med_School/PostDoc/Manuscripts/HML2PopGenManuscript/_audit_2026-09-14/source_call_resolution/broad_graph_recovered/validated_calls/orf_analysis/HML-2_4q35.2_hg38/HML-2_4q35.2_hg38_all_haplotypes_aligned_type2_KCON.fasta	9f8a3979c7508b719697777de6118752b94c284b8f655876824fd0568cabdd89	type2_KCON	TypeII	773ec38a61e217ca26158b8b2203e3c012ca64808d81eff60ce7e4722a075d35	True	at_least_one_direct_pass_all_direct_passes_agree	1d88ec6254827a47b7904d1729fe197d3c5b12cfcd87f1e7509d0742c025df8a
HG03065_h2_HML-2_8p23.1b_graph_hgsvc3_linked_recovery	HML-2_8p23.1b	HML-2_8p23.1b	HG03065	h2	Provirus	HG03065#2#haplotype2-0000071#0:12698966-12708684	historical_source/Library/Mobile Documents/com~apple~CloudDocs/Documents/Med_School/PostDoc/Manuscripts/HML2PopGenManuscript/_audit_2026-09-14/source_call_resolution/broad_graph_recovered/validated_calls/orf_analysis/HML-2_8p23.1b/HML-2_8p23.1b_all_haplotypes_aligned_type2_KCON.fasta	0e042825e6151253a6acd702ea47a1712a6a660e317067ff1d9514c4beefd9ea	type2_KCON	TypeII	e4d5a08d4949616f7c1d7777019e6981452c68dbe0005bf452dd52a7f756d296	True	at_least_one_direct_pass_all_direct_passes_agree	90625f05b82a78fde3775be0656eb25f293bd70dfe1c7b2a2b5aac848741e486
NA19129_h2_HML-2_8p23.1b_graph_hgsvc3_linked_recovery	HML-2_8p23.1b	HML-2_8p23.1b	NA19129	h2	Provirus	NA19129#2#haplotype2-0000103#0:12384732-12394451	historical_source/Library/Mobile Documents/com~apple~CloudDocs/Documents/Med_School/PostDoc/Manuscripts/HML2PopGenManuscript/_audit_2026-09-14/source_call_resolution/broad_graph_recovered/validated_calls/orf_analysis/HML-2_8p23.1b/HML-2_8p23.1b_all_haplotypes_aligned_type2_KCON.fasta	0e042825e6151253a6acd702ea47a1712a6a660e317067ff1d9514c4beefd9ea	type2_KCON	TypeII	2addd1d8a313624fe64201488a785620139cfbdc33f91dc1fdc90f7cbee05db6	True	at_least_one_direct_pass_all_direct_passes_agree	9b336ead9d485a3a487cff2c68e7ef82f9d87d4dd5f6e6e582882735e95d8006
NA19331_h1_HML-2_8p23.1b_graph_hgsvc3_linked_recovery	HML-2_8p23.1b	HML-2_8p23.1b	NA19331	h1	Provirus	NA19331#1#haplotype1-0000028#0:133590370-133600088	historical_source/Library/Mobile Documents/com~apple~CloudDocs/Documents/Med_School/PostDoc/Manuscripts/HML2PopGenManuscript/_audit_2026-09-14/source_call_resolution/broad_graph_recovered/validated_calls/orf_analysis/HML-2_8p23.1b/HML-2_8p23.1b_all_haplotypes_aligned_type2_KCON.fasta	0e042825e6151253a6acd702ea47a1712a6a660e317067ff1d9514c4beefd9ea	type2_KCON	TypeII	61c8021b647b34dfa08fe269b96cf5e7cf3692fbbe6b85c426ad2789f119ae00	True	at_least_one_direct_pass_all_direct_passes_agree	3848ed206594219bc22b4779de129f0caa69b543227c08f012ed942c0a260984
NA21487_h1_HML-2_8p23.1b_graph_hgsvc3_linked_recovery	HML-2_8p23.1b	HML-2_8p23.1b	NA21487	h1	Provirus	NA21487#1#haplotype1-0000009#0:12325900-12335620	historical_source/Library/Mobile Documents/com~apple~CloudDocs/Documents/Med_School/PostDoc/Manuscripts/HML2PopGenManuscript/_audit_2026-09-14/source_call_resolution/broad_graph_recovered/validated_calls/orf_analysis/HML-2_8p23.1b/HML-2_8p23.1b_all_haplotypes_aligned_type2_KCON.fasta	0e042825e6151253a6acd702ea47a1712a6a660e317067ff1d9514c4beefd9ea	type2_KCON	TypeII	32a1fbade48e1b0e38f94d9bf242a56137d2317c485e3e4bd279ad1ac54198e9	True	at_least_one_direct_pass_all_direct_passes_agree	d3c929ff8c16f37b954eb5fcaa50f4730893f0c4ac55b11752897910a0761c85
HG00732_h1_HML-2_8p23.1c_graph_hgsvc3_linked_recovery	HML-2_8p23.1c	HML-2_8p23.1c	HG00732	h1	Provirus	HG00732#1#haplotype1-0000030#0:134879403-134889123	historical_source/Library/Mobile Documents/com~apple~CloudDocs/Documents/Med_School/PostDoc/Manuscripts/HML2PopGenManuscript/_audit_2026-09-14/source_call_resolution/broad_graph_recovered/validated_calls/orf_analysis/HML-2_8p23.1c/HML-2_8p23.1c_all_haplotypes_aligned_type2_KCON.fasta	98cf65e464afe340ad8264d5ceb04b01fccee41cc2ade1ca79fe740f33368fef	type2_KCON	TypeII	05ab4010257ce6f144c6295c251c387ba960d5ecd45b705f8f223235f04629be	True	at_least_one_direct_pass_all_direct_passes_agree	d2dcc82cd5182ddd2550fa337b48377991a0d827debf52a36422927c42afc98d
HG01457_h2_HML-2_8p23.1c_graph_hgsvc3_linked_recovery	HML-2_8p23.1c	HML-2_8p23.1c	HG01457	h2	Provirus	HG01457#2#haplotype2-0000117#0:133788876-133798597	historical_source/Library/Mobile Documents/com~apple~CloudDocs/Documents/Med_School/PostDoc/Manuscripts/HML2PopGenManuscript/_audit_2026-09-14/source_call_resolution/broad_graph_recovered/validated_calls/orf_analysis/HML-2_8p23.1c/HML-2_8p23.1c_all_haplotypes_aligned_type2_KCON.fasta	98cf65e464afe340ad8264d5ceb04b01fccee41cc2ade1ca79fe740f33368fef	type2_KCON	TypeII	1a41153078d1e965edee04c0f108fc03b29a33f71cf5ca717303e99257e5cfeb	True	at_least_one_direct_pass_all_direct_passes_agree	07f0246183fbad7dd5b25440923dde5229a97cc41502736925f0dcf59a5bf3d4
HG02282_h1_HML-2_8p23.1c_graph_hgsvc3_linked_recovery	HML-2_8p23.1c	HML-2_8p23.1c	HG02282	h1	Provirus	HG02282#1#haplotype1-0000034#0:11099783-11109504	historical_source/Library/Mobile Documents/com~apple~CloudDocs/Documents/Med_School/PostDoc/Manuscripts/HML2PopGenManuscript/_audit_2026-09-14/source_call_resolution/broad_graph_recovered/validated_calls/orf_analysis/HML-2_8p23.1c/HML-2_8p23.1c_all_haplotypes_aligned_type2_KCON.fasta	98cf65e464afe340ad8264d5ceb04b01fccee41cc2ade1ca79fe740f33368fef	type2_KCON	TypeII	5e05234f4e6f7ebe5daedb9faae198f984de8349c037f9bd133ee1110b46edbd	True	at_least_one_direct_pass_all_direct_passes_agree	217deb656d573c0f70aea0cf708323b6d61d6cf9ab7df5ac1fd38621f35d7403
HG02666_h2_HML-2_8p23.1c_graph_hgsvc3_linked_recovery	HML-2_8p23.1c	HML-2_8p23.1c	HG02666	h2	Provirus	HG02666#2#haplotype2-0000080#0:11213933-11223653	historical_source/Library/Mobile Documents/com~apple~CloudDocs/Documents/Med_School/PostDoc/Manuscripts/HML2PopGenManuscript/_audit_2026-09-14/source_call_resolution/broad_graph_recovered/validated_calls/orf_analysis/HML-2_8p23.1c/HML-2_8p23.1c_all_haplotypes_aligned_type2_KCON.fasta	98cf65e464afe340ad8264d5ceb04b01fccee41cc2ade1ca79fe740f33368fef	type2_KCON	TypeII	38084218f84525b4e18a642600f3b696683e0c2009872ed1e84bdfe318372379	True	at_least_one_direct_pass_all_direct_passes_agree	72e69834648bca85aeba743750be9794c4b7d516ed2424809a5474fee9c001c3
HG02769_h1_HML-2_8p23.1c_graph_hgsvc3_linked_recovery	HML-2_8p23.1c	HML-2_8p23.1c	HG02769	h1	Provirus	HG02769#1#haplotype1-0000006#0:12160015-12169736	historical_source/Library/Mobile Documents/com~apple~CloudDocs/Documents/Med_School/PostDoc/Manuscripts/HML2PopGenManuscript/_audit_2026-09-14/source_call_resolution/broad_graph_recovered/validated_calls/orf_analysis/HML-2_8p23.1c/HML-2_8p23.1c_all_haplotypes_aligned_type2_KCON.fasta	98cf65e464afe340ad8264d5ceb04b01fccee41cc2ade1ca79fe740f33368fef	type2_KCON	TypeII	8c72f3122b4f0be7004fd753076ea9da51081a9975b03692745224105e021869	True	at_least_one_direct_pass_all_direct_passes_agree	9d36ad44f0d46e438b96b829769e84622bd8e10b52d3bed9fc5793acd01b0e71
HG02953_h2_HML-2_8p23.1c_graph_hgsvc3_linked_recovery	HML-2_8p23.1c	HML-2_8p23.1c	HG02953	h2	Provirus	HG02953#2#haplotype2-0000158#0:11239802-11249523	historical_source/Library/Mobile Documents/com~apple~CloudDocs/Documents/Med_School/PostDoc/Manuscripts/HML2PopGenManuscript/_audit_2026-09-14/source_call_resolution/broad_graph_recovered/validated_calls/orf_analysis/HML-2_8p23.1c/HML-2_8p23.1c_all_haplotypes_aligned_type2_KCON.fasta	98cf65e464afe340ad8264d5ceb04b01fccee41cc2ade1ca79fe740f33368fef	type2_KCON	TypeII	c40e500f93b476db3607fa88147dbfac5f544f1f39ded20721c6f6c624ab1cd7	True	at_least_one_direct_pass_all_direct_passes_agree	1e786c1f09330b1c708c3427ac130d201eb33caa7785423459dd04a42ee3366b
HG03248_h1_HML-2_8p23.1c_graph_hgsvc3_linked_recovery	HML-2_8p23.1c	HML-2_8p23.1c	HG03248	h1	Provirus	HG03248#1#haplotype1-0000047#0:135001398-135011114	historical_source/Library/Mobile Documents/com~apple~CloudDocs/Documents/Med_School/PostDoc/Manuscripts/HML2PopGenManuscript/_audit_2026-09-14/source_call_resolution/broad_graph_recovered/validated_calls/orf_analysis/HML-2_8p23.1c/HML-2_8p23.1c_all_haplotypes_aligned_type2_KCON.fasta	98cf65e464afe340ad8264d5ceb04b01fccee41cc2ade1ca79fe740f33368fef	type2_KCON	TypeII	26d0664502a4a5571df0f127a33c5ac8f1f7dd8720d06b73cfa5e21d7470151a	True	at_least_one_direct_pass_all_direct_passes_agree	ad9b06dc3ad8516937df1b47e4ac8492b500e7ccf90eb2b6b54246262aa7d8df
HG03371_h1_HML-2_8p23.1c_graph_hgsvc3_linked_recovery	HML-2_8p23.1c	HML-2_8p23.1c	HG03371	h1	Provirus	HG03371#1#haplotype1-0000003#0:134666649-134676370	historical_source/Library/Mobile Documents/com~apple~CloudDocs/Documents/Med_School/PostDoc/Manuscripts/HML2PopGenManuscript/_audit_2026-09-14/source_call_resolution/broad_graph_recovered/validated_calls/orf_analysis/HML-2_8p23.1c/HML-2_8p23.1c_all_haplotypes_aligned_type2_KCON.fasta	98cf65e464afe340ad8264d5ceb04b01fccee41cc2ade1ca79fe740f33368fef	type2_KCON	TypeII	f71dc01b8cc7b3d1c548b6b1274b09b5e470bd2d58829329bc2e93776fe19029	True	at_least_one_direct_pass_all_direct_passes_agree	d8e382adeb61b2d069c96f135f50d8132ae370bc48455a7eb813a38dc4b162d9
HG04217_h1_HML-2_8p23.1c_graph_hgsvc3_linked_recovery	HML-2_8p23.1c	HML-2_8p23.1c	HG04217	h1	Provirus	HG04217#1#haplotype1-0000016#0:135518013-135527733	historical_source/Library/Mobile Documents/com~apple~CloudDocs/Documents/Med_School/PostDoc/Manuscripts/HML2PopGenManuscript/_audit_2026-09-14/source_call_resolution/broad_graph_recovered/validated_calls/orf_analysis/HML-2_8p23.1c/HML-2_8p23.1c_all_haplotypes_aligned_type2_KCON.fasta	98cf65e464afe340ad8264d5ceb04b01fccee41cc2ade1ca79fe740f33368fef	type2_KCON	TypeII	be410ee4d832c4c2da4cbf916a86111881a80e8930aec912f8a850cf6285a765	True	at_least_one_direct_pass_all_direct_passes_agree	2ab8cd94eb919982f2405439710fc08cfdfbdc5398095f6174442bcec23cefe3
NA19239_h2_HML-2_8p23.1c_graph_hgsvc3_linked_recovery	HML-2_8p23.1c	HML-2_8p23.1c	NA19239	h2	Provirus	NA19239#2#haplotype2-0000075#0:134252942-134262662	historical_source/Library/Mobile Documents/com~apple~CloudDocs/Documents/Med_School/PostDoc/Manuscripts/HML2PopGenManuscript/_audit_2026-09-14/source_call_resolution/broad_graph_recovered/validated_calls/orf_analysis/HML-2_8p23.1c/HML-2_8p23.1c_all_haplotypes_aligned_type2_KCON.fasta	98cf65e464afe340ad8264d5ceb04b01fccee41cc2ade1ca79fe740f33368fef	type2_KCON	TypeII	73062678139cb52609d0ce5f77a339663a2c5ae15516e60856599a27fb84d31b	True	at_least_one_direct_pass_all_direct_passes_agree	18ce94f31232721200eb6dee1279b2963858f55e77f9790abfe31e79a90ca8de
NA19331_h2_HML-2_8p23.1c_graph_hgsvc3_linked_recovery	HML-2_8p23.1c	HML-2_8p23.1c	NA19331	h2	Provirus	NA19331#2#haplotype2-0000162#0:133174069-133183788	historical_source/Library/Mobile Documents/com~apple~CloudDocs/Documents/Med_School/PostDoc/Manuscripts/HML2PopGenManuscript/_audit_2026-09-14/source_call_resolution/broad_graph_recovered/validated_calls/orf_analysis/HML-2_8p23.1c/HML-2_8p23.1c_all_haplotypes_aligned_type2_KCON.fasta	98cf65e464afe340ad8264d5ceb04b01fccee41cc2ade1ca79fe740f33368fef	type2_KCON	TypeII	7daeaac1566d2ad35bbbf2ffabede907b6a0b585a7e7ec807818aee3c5eb6136	True	at_least_one_direct_pass_all_direct_passes_agree	7164066f04001863815ed21e7189d7a3225d15b42a61ecc540abb399dd0bbd39
NA19434_h2_HML-2_8p23.1c_graph_hgsvc3_linked_recovery	HML-2_8p23.1c	HML-2_8p23.1c	NA19434	h2	Provirus	NA19434#2#haplotype2-0000129#0:11469127-11478841	historical_source/Library/Mobile Documents/com~apple~CloudDocs/Documents/Med_School/PostDoc/Manuscripts/HML2PopGenManuscript/_audit_2026-09-14/source_call_resolution/broad_graph_recovered/validated_calls/orf_analysis/HML-2_8p23.1c/HML-2_8p23.1c_all_haplotypes_aligned_type2_KCON.fasta	98cf65e464afe340ad8264d5ceb04b01fccee41cc2ade1ca79fe740f33368fef	type2_KCON	TypeII	c0050e09d24b3ecbdc04d0101c8ff79791b8fc9e96c7bac0bbe15988eeae3e11	True	at_least_one_direct_pass_all_direct_passes_agree	5647cf76faed939fde8e70bb5a04ce2882a8e264762d71901edfdce68320182c
NA19705_h1_HML-2_8p23.1c_graph_hgsvc3_linked_recovery	HML-2_8p23.1c	HML-2_8p23.1c	NA19705	h1	Provirus	NA19705#1#haplotype1-0000021#0:12145642-12155363	historical_source/Library/Mobile Documents/com~apple~CloudDocs/Documents/Med_School/PostDoc/Manuscripts/HML2PopGenManuscript/_audit_2026-09-14/source_call_resolution/broad_graph_recovered/validated_calls/orf_analysis/HML-2_8p23.1c/HML-2_8p23.1c_all_haplotypes_aligned_type2_KCON.fasta	98cf65e464afe340ad8264d5ceb04b01fccee41cc2ade1ca79fe740f33368fef	type2_KCON	TypeII	3867989b8a2f7292b2685da29213f2029a451d1a3f84f491c7a36f4b8e73020f	True	at_least_one_direct_pass_all_direct_passes_agree	91047397dc29cdf31cb8d2946fccb3e39f57f63226cdd55a15cb028c477081b8
NA19836_h2_HML-2_8p23.1c_graph_hgsvc3_linked_recovery	HML-2_8p23.1c	HML-2_8p23.1c	NA19836	h2	Provirus	NA19836#2#haplotype2-0000110#0:133797189-133806909	historical_source/Library/Mobile Documents/com~apple~CloudDocs/Documents/Med_School/PostDoc/Manuscripts/HML2PopGenManuscript/_audit_2026-09-14/source_call_resolution/broad_graph_recovered/validated_calls/orf_analysis/HML-2_8p23.1c/HML-2_8p23.1c_all_haplotypes_aligned_type2_KCON.fasta	98cf65e464afe340ad8264d5ceb04b01fccee41cc2ade1ca79fe740f33368fef	type2_KCON	TypeII	ecf348cbba0a09f71d1c754c3a6b35dad7e3caf96cf89a11415d693add688007	True	at_least_one_direct_pass_all_direct_passes_agree	3efec8de63f6024e70e1b5d9c46e37e706db2ccc3b7db81342be344c56839ebc
NA19983_h1_HML-2_8p23.1c_graph_hgsvc3_linked_recovery	HML-2_8p23.1c	HML-2_8p23.1c	NA19983	h1	Provirus	NA19983#1#haplotype1-0000010#0:134324488-134334208	historical_source/Library/Mobile Documents/com~apple~CloudDocs/Documents/Med_School/PostDoc/Manuscripts/HML2PopGenManuscript/_audit_2026-09-14/source_call_resolution/broad_graph_recovered/validated_calls/orf_analysis/HML-2_8p23.1c/HML-2_8p23.1c_all_haplotypes_aligned_type2_KCON.fasta	98cf65e464afe340ad8264d5ceb04b01fccee41cc2ade1ca79fe740f33368fef	type2_KCON	TypeII	335f6db3dfd32b2b24d2fae668710972d890303b166f1161bd1d3f38a54c90b0	True	at_least_one_direct_pass_all_direct_passes_agree	318d6af1ffa1a511cf70c3f67c9a7d2c75f1872f9c94ba958c4910590c6393a6
NA21487_h2_HML-2_8p23.1c_graph_hgsvc3_linked_recovery	HML-2_8p23.1c	HML-2_8p23.1c	NA21487	h2	Provirus	NA21487#2#haplotype2-0000145#0:11934408-11944129	historical_source/Library/Mobile Documents/com~apple~CloudDocs/Documents/Med_School/PostDoc/Manuscripts/HML2PopGenManuscript/_audit_2026-09-14/source_call_resolution/broad_graph_recovered/validated_calls/orf_analysis/HML-2_8p23.1c/HML-2_8p23.1c_all_haplotypes_aligned_type2_KCON.fasta	98cf65e464afe340ad8264d5ceb04b01fccee41cc2ade1ca79fe740f33368fef	type2_KCON	TypeII	200eeacd3d668f83c68fc7f63ac99a8092cc77f672ae166178deec610335f731	True	at_least_one_direct_pass_all_direct_passes_agree	9177dc6bd76de66e117f3f2326fb71d022ccaf11a6d0a05d5f11d32662f6710d
HG02554_h1_HML-2_8p23.1d_graph_hgsvc3_linked_recovery	HML-2_8p23.1d	HML-2_8p23.1d	HG02554	h1	Provirus	HG02554#1#haplotype1-0000023#0:138538078-138547801	historical_source/Library/Mobile Documents/com~apple~CloudDocs/Documents/Med_School/PostDoc/Manuscripts/HML2PopGenManuscript/_audit_2026-09-14/source_call_resolution/broad_graph_recovered/validated_calls/orf_analysis/HML-2_8p23.1d/HML-2_8p23.1d_all_haplotypes_aligned_type2_KCON.fasta	c1b8fbeb968846bf3e844b625a362821c5600352c37e0aa80b7196f422c581a7	type2_KCON	TypeII	a772c9d9f24a24657ecebc353086718c33246d22afeab8bd0ce6208c872f5519	True	at_least_one_direct_pass_all_direct_passes_agree	58300a9da3d12f1b6850827f62365eba0e3c5988ede52cbc905ab35e4d2c7ff1
HG03452_h1_HML-2_8p23.1d_graph_hgsvc3_linked_recovery	HML-2_8p23.1d	HML-2_8p23.1d	HG03452	h1	Provirus	HG03452#1#haplotype1-0000003#0:138456693-138466436	historical_source/Library/Mobile Documents/com~apple~CloudDocs/Documents/Med_School/PostDoc/Manuscripts/HML2PopGenManuscript/_audit_2026-09-14/source_call_resolution/broad_graph_recovered/validated_calls/orf_analysis/HML-2_8p23.1d/HML-2_8p23.1d_all_haplotypes_aligned_type2_KCON.fasta	c1b8fbeb968846bf3e844b625a362821c5600352c37e0aa80b7196f422c581a7	type2_KCON	TypeII	373d5df072ce62f2cf343ad539a49f08218158946437929b4dada66184637784	True	at_least_one_direct_pass_all_direct_passes_agree	7ba778f4f826bf4254fc1770a1134d9e478928d1882cd77d3e29da77bfc7ce5c
NA19347_h2_HML-2_8p23.1d_graph_hgsvc3_linked_recovery	HML-2_8p23.1d	HML-2_8p23.1d	NA19347	h2	Provirus	NA19347#2#haplotype2-0000082#0:139532230-139541967	historical_source/Library/Mobile Documents/com~apple~CloudDocs/Documents/Med_School/PostDoc/Manuscripts/HML2PopGenManuscript/_audit_2026-09-14/source_call_resolution/broad_graph_recovered/validated_calls/orf_analysis/HML-2_8p23.1d/HML-2_8p23.1d_all_haplotypes_aligned_type2_KCON.fasta	c1b8fbeb968846bf3e844b625a362821c5600352c37e0aa80b7196f422c581a7	type2_KCON	TypeII	4324989eed54142f541c42b4e7f537c58c0330049515e81a022681cefaa93072	True	at_least_one_direct_pass_all_direct_passes_agree	0dba0ced9284025329f2a0030687775b9e213dc4467f917f7409db183794da01
NA19705_h2_HML-2_8p23.1d_graph_hgsvc3_linked_recovery	HML-2_8p23.1d	HML-2_8p23.1d	NA19705	h2	Provirus	NA19705#2#haplotype2-0000097#0:138225965-138235708	historical_source/Library/Mobile Documents/com~apple~CloudDocs/Documents/Med_School/PostDoc/Manuscripts/HML2PopGenManuscript/_audit_2026-09-14/source_call_resolution/broad_graph_recovered/validated_calls/orf_analysis/HML-2_8p23.1d/HML-2_8p23.1d_all_haplotypes_aligned_type2_KCON.fasta	c1b8fbeb968846bf3e844b625a362821c5600352c37e0aa80b7196f422c581a7	type2_KCON	TypeII	8e977cb7db4e8c13bb660d38689169e7d4279616f7427f1e337f79ee1f642ad2	True	at_least_one_direct_pass_all_direct_passes_agree	71df298d362da405d84834512d0034611340657aa28ef38b5e7cef5278cf9733
NA20355_h2_HML-2_8p23.1d_graph_hgsvc3_linked_recovery	HML-2_8p23.1d	HML-2_8p23.1d	NA20355	h2	Provirus	NA20355#2#haplotype2-0000188#0:7521524-7531267	historical_source/Library/Mobile Documents/com~apple~CloudDocs/Documents/Med_School/PostDoc/Manuscripts/HML2PopGenManuscript/_audit_2026-09-14/source_call_resolution/broad_graph_recovered/validated_calls/orf_analysis/HML-2_8p23.1d/HML-2_8p23.1d_all_haplotypes_aligned_type2_KCON.fasta	c1b8fbeb968846bf3e844b625a362821c5600352c37e0aa80b7196f422c581a7	type2_KCON	TypeII	2c1f3f8532ef42e52f8cd0ba10d41e574f7076e207c53a24eb8c3f8436aa0b18	True	at_least_one_direct_pass_all_direct_passes_agree	e3abd013083e53d52ac04a9f6eae8111958afcdc556ab9f2ee9487c1e13ad5c9
